Tier,local_area,Date,order,y,tier.alpha
1,Isle of Wight,2020-12-09,50,1,0.2
1,Cornwall,2020-12-09,61,1,0.2
1,Isles of Scilly,2020-12-09,342,1,0.2
1,Isle of Wight,2020-12-18,444,1,0.2
1,"Herefordshire, County of",2020-12-18,450,1,0.2
1,Cornwall,2020-12-18,455,1,0.2
1,Isles of Scilly,2020-12-18,736,1,0.2
1,Isles of Scilly,2020-12-30,1130,1,0.2
2,Dorset,2020-12-09,1,1,0.4
2,East Devon,2020-12-09,2,1,0.4
2,Exeter,2020-12-09,3,1,0.4
2,Mid Devon,2020-12-09,4,1,0.4
2,North Devon,2020-12-09,5,1,0.4
2,South Hams,2020-12-09,6,1,0.4
2,Teignbridge,2020-12-09,7,1,0.4
2,Torridge,2020-12-09,8,1,0.4
2,West Devon,2020-12-09,9,1,0.4
2,Mendip,2020-12-09,10,1,0.4
2,Sedgemoor,2020-12-09,11,1,0.4
2,South Somerset,2020-12-09,12,1,0.4
2,Somerset West and Taunton,2020-12-09,13,1,0.4
2,Halton,2020-12-09,19,1,0.4
2,Warrington,2020-12-09,20,1,0.4
2,York,2020-12-09,27,1,0.4
2,Plymouth,2020-12-09,33,1,0.4
2,Swindon,2020-12-09,34,1,0.4
2,Peterborough,2020-12-09,35,1,0.4
2,Luton,2020-12-09,36,1,0.4
2,Southend-on-Sea,2020-12-09,37,1,0.4
2,Thurrock,2020-12-09,38,1,0.4
2,Bracknell Forest,2020-12-09,40,1,0.4
2,West Berkshire,2020-12-09,41,1,0.4
2,Reading,2020-12-09,42,1,0.4
2,Windsor and Maidenhead,2020-12-09,44,1,0.4
2,Wokingham,2020-12-09,45,1,0.4
2,Milton Keynes,2020-12-09,46,1,0.4
2,Brighton and Hove,2020-12-09,47,1,0.4
2,Portsmouth,2020-12-09,48,1,0.4
2,Southampton,2020-12-09,49,1,0.4
2,Cheshire East,2020-12-09,52,1,0.4
2,Cheshire West and Chester,2020-12-09,53,1,0.4
2,Rutland,2020-12-09,54,1,0.4
2,"Herefordshire, County of",2020-12-09,56,1,0.4
2,Telford and Wrekin,2020-12-09,57,1,0.4
2,Bath and North East Somerset,2020-12-09,59,1,0.4
2,Shropshire,2020-12-09,60,1,0.4
2,Wiltshire,2020-12-09,62,1,0.4
2,Bedford,2020-12-09,63,1,0.4
2,Central Bedfordshire,2020-12-09,64,1,0.4
2,"Bournemouth, Christchurch and Poole",2020-12-09,66,1,0.4
2,Buckinghamshire,2020-12-09,67,1,0.4
2,Cambridge,2020-12-09,68,1,0.4
2,East Cambridgeshire,2020-12-09,69,1,0.4
2,Fenland,2020-12-09,70,1,0.4
2,Huntingdonshire,2020-12-09,71,1,0.4
2,South Cambridgeshire,2020-12-09,72,1,0.4
2,Allerdale,2020-12-09,73,1,0.4
2,Barrow-in-Furness,2020-12-09,74,1,0.4
2,Carlisle,2020-12-09,75,1,0.4
2,Copeland,2020-12-09,76,1,0.4
2,Eden,2020-12-09,77,1,0.4
2,South Lakeland,2020-12-09,78,1,0.4
2,Eastbourne,2020-12-09,87,1,0.4
2,Hastings,2020-12-09,88,1,0.4
2,Lewes,2020-12-09,89,1,0.4
2,Rother,2020-12-09,90,1,0.4
2,Wealden,2020-12-09,91,1,0.4
2,Basildon,2020-12-09,92,1,0.4
2,Braintree,2020-12-09,93,1,0.4
2,Brentwood,2020-12-09,94,1,0.4
2,Castle Point,2020-12-09,95,1,0.4
2,Chelmsford,2020-12-09,96,1,0.4
2,Colchester,2020-12-09,97,1,0.4
2,Epping Forest,2020-12-09,98,1,0.4
2,Harlow,2020-12-09,99,1,0.4
2,Rochford,2020-12-09,100,1,0.4
2,Tendring,2020-12-09,101,1,0.4
2,Uttlesford,2020-12-09,102,1,0.4
2,Cheltenham,2020-12-09,103,1,0.4
2,Cotswold,2020-12-09,104,1,0.4
2,Forest of Dean,2020-12-09,105,1,0.4
2,Gloucester,2020-12-09,106,1,0.4
2,Stroud,2020-12-09,107,1,0.4
2,Tewkesbury,2020-12-09,108,1,0.4
2,Basingstoke and Deane,2020-12-09,109,1,0.4
2,East Hampshire,2020-12-09,110,1,0.4
2,Eastleigh,2020-12-09,111,1,0.4
2,Fareham,2020-12-09,112,1,0.4
2,Gosport,2020-12-09,113,1,0.4
2,Hart,2020-12-09,114,1,0.4
2,Havant,2020-12-09,115,1,0.4
2,New Forest,2020-12-09,116,1,0.4
2,Rushmoor,2020-12-09,117,1,0.4
2,Test Valley,2020-12-09,118,1,0.4
2,Winchester,2020-12-09,119,1,0.4
2,Broxbourne,2020-12-09,120,1,0.4
2,Dacorum,2020-12-09,121,1,0.4
2,Hertsmere,2020-12-09,122,1,0.4
2,North Hertfordshire,2020-12-09,123,1,0.4
2,Three Rivers,2020-12-09,124,1,0.4
2,Watford,2020-12-09,125,1,0.4
2,Breckland,2020-12-09,164,1,0.4
2,Broadland,2020-12-09,165,1,0.4
2,Great Yarmouth,2020-12-09,166,1,0.4
2,King's Lynn and West Norfolk,2020-12-09,167,1,0.4
2,North Norfolk,2020-12-09,168,1,0.4
2,Norwich,2020-12-09,169,1,0.4
2,South Norfolk,2020-12-09,170,1,0.4
2,Corby,2020-12-09,171,1,0.4
2,Daventry,2020-12-09,172,1,0.4
2,East Northamptonshire,2020-12-09,173,1,0.4
2,Kettering,2020-12-09,174,1,0.4
2,Northampton,2020-12-09,175,1,0.4
2,South Northamptonshire,2020-12-09,176,1,0.4
2,Wellingborough,2020-12-09,177,1,0.4
2,Craven,2020-12-09,178,1,0.4
2,Hambleton,2020-12-09,179,1,0.4
2,Harrogate,2020-12-09,180,1,0.4
2,Richmondshire,2020-12-09,181,1,0.4
2,Ryedale,2020-12-09,182,1,0.4
2,Scarborough,2020-12-09,183,1,0.4
2,Selby,2020-12-09,184,1,0.4
2,Cherwell,2020-12-09,192,1,0.4
2,Oxford,2020-12-09,193,1,0.4
2,South Oxfordshire,2020-12-09,194,1,0.4
2,Vale of White Horse,2020-12-09,195,1,0.4
2,West Oxfordshire,2020-12-09,196,1,0.4
2,Babergh,2020-12-09,205,1,0.4
2,Ipswich,2020-12-09,206,1,0.4
2,Mid Suffolk,2020-12-09,207,1,0.4
2,Elmbridge,2020-12-09,208,1,0.4
2,Epsom and Ewell,2020-12-09,209,1,0.4
2,Guildford,2020-12-09,210,1,0.4
2,Mole Valley,2020-12-09,211,1,0.4
2,Reigate and Banstead,2020-12-09,212,1,0.4
2,Runnymede,2020-12-09,213,1,0.4
2,Spelthorne,2020-12-09,214,1,0.4
2,Surrey Heath,2020-12-09,215,1,0.4
2,Tandridge,2020-12-09,216,1,0.4
2,Waverley,2020-12-09,217,1,0.4
2,Woking,2020-12-09,218,1,0.4
2,Adur,2020-12-09,224,1,0.4
2,Arun,2020-12-09,225,1,0.4
2,Chichester,2020-12-09,226,1,0.4
2,Crawley,2020-12-09,227,1,0.4
2,Horsham,2020-12-09,228,1,0.4
2,Mid Sussex,2020-12-09,229,1,0.4
2,Worthing,2020-12-09,230,1,0.4
2,Bromsgrove,2020-12-09,231,1,0.4
2,Malvern Hills,2020-12-09,232,1,0.4
2,Redditch,2020-12-09,233,1,0.4
2,Worcester,2020-12-09,234,1,0.4
2,Wychavon,2020-12-09,235,1,0.4
2,Wyre Forest,2020-12-09,236,1,0.4
2,St Albans,2020-12-09,237,1,0.4
2,Welwyn Hatfield,2020-12-09,238,1,0.4
2,East Hertfordshire,2020-12-09,239,1,0.4
2,Stevenage,2020-12-09,240,1,0.4
2,East Suffolk,2020-12-09,241,1,0.4
2,West Suffolk,2020-12-09,242,1,0.4
2,Knowsley,2020-12-09,253,1,0.4
2,Liverpool,2020-12-09,254,1,0.4
2,St. Helens,2020-12-09,255,1,0.4
2,Sefton,2020-12-09,256,1,0.4
2,Wirral,2020-12-09,257,1,0.4
2,City of London,2020-12-09,279,1,0.4
2,Barking and Dagenham,2020-12-09,280,1,0.4
2,Barnet,2020-12-09,281,1,0.4
2,Bexley,2020-12-09,282,1,0.4
2,Brent,2020-12-09,283,1,0.4
2,Bromley,2020-12-09,284,1,0.4
2,Camden,2020-12-09,285,1,0.4
2,Croydon,2020-12-09,286,1,0.4
2,Ealing,2020-12-09,287,1,0.4
2,Enfield,2020-12-09,288,1,0.4
2,Greenwich,2020-12-09,289,1,0.4
2,Hackney,2020-12-09,290,1,0.4
2,Hammersmith and Fulham,2020-12-09,291,1,0.4
2,Haringey,2020-12-09,292,1,0.4
2,Harrow,2020-12-09,293,1,0.4
2,Havering,2020-12-09,294,1,0.4
2,Hillingdon,2020-12-09,295,1,0.4
2,Hounslow,2020-12-09,296,1,0.4
2,Islington,2020-12-09,297,1,0.4
2,Kensington and Chelsea,2020-12-09,298,1,0.4
2,Kingston upon Thames,2020-12-09,299,1,0.4
2,Lambeth,2020-12-09,300,1,0.4
2,Lewisham,2020-12-09,301,1,0.4
2,Merton,2020-12-09,302,1,0.4
2,Newham,2020-12-09,303,1,0.4
2,Redbridge,2020-12-09,304,1,0.4
2,Richmond upon Thames,2020-12-09,305,1,0.4
2,Southwark,2020-12-09,306,1,0.4
2,Sutton,2020-12-09,307,1,0.4
2,Tower Hamlets,2020-12-09,308,1,0.4
2,Waltham Forest,2020-12-09,309,1,0.4
2,Wandsworth,2020-12-09,310,1,0.4
2,Westminster,2020-12-09,311,1,0.4
2,Torbay,2020-12-09,341,1,0.4
2,Maldon,2020-12-09,343,1,0.4
2,Dorset,2020-12-18,395,1,0.4
2,East Devon,2020-12-18,396,1,0.4
2,Exeter,2020-12-18,397,1,0.4
2,Mid Devon,2020-12-18,398,1,0.4
2,North Devon,2020-12-18,399,1,0.4
2,South Hams,2020-12-18,400,1,0.4
2,Teignbridge,2020-12-18,401,1,0.4
2,Torridge,2020-12-18,402,1,0.4
2,West Devon,2020-12-18,403,1,0.4
2,Mendip,2020-12-18,404,1,0.4
2,Sedgemoor,2020-12-18,405,1,0.4
2,South Somerset,2020-12-18,406,1,0.4
2,Somerset West and Taunton,2020-12-18,407,1,0.4
2,Halton,2020-12-18,413,1,0.4
2,Warrington,2020-12-18,414,1,0.4
2,York,2020-12-18,421,1,0.4
2,"Bristol, City of",2020-12-18,424,1,0.4
2,North Somerset,2020-12-18,425,1,0.4
2,Plymouth,2020-12-18,427,1,0.4
2,Swindon,2020-12-18,428,1,0.4
2,Brighton and Hove,2020-12-18,441,1,0.4
2,Southampton,2020-12-18,443,1,0.4
2,Cheshire East,2020-12-18,446,1,0.4
2,Cheshire West and Chester,2020-12-18,447,1,0.4
2,Rutland,2020-12-18,448,1,0.4
2,Telford and Wrekin,2020-12-18,451,1,0.4
2,Bath and North East Somerset,2020-12-18,453,1,0.4
2,Shropshire,2020-12-18,454,1,0.4
2,Wiltshire,2020-12-18,456,1,0.4
2,"Bournemouth, Christchurch and Poole",2020-12-18,460,1,0.4
2,Cambridge,2020-12-18,462,1,0.4
2,East Cambridgeshire,2020-12-18,463,1,0.4
2,Fenland,2020-12-18,464,1,0.4
2,Huntingdonshire,2020-12-18,465,1,0.4
2,South Cambridgeshire,2020-12-18,466,1,0.4
2,Allerdale,2020-12-18,467,1,0.4
2,Barrow-in-Furness,2020-12-18,468,1,0.4
2,Carlisle,2020-12-18,469,1,0.4
2,Copeland,2020-12-18,470,1,0.4
2,Eden,2020-12-18,471,1,0.4
2,South Lakeland,2020-12-18,472,1,0.4
2,Eastbourne,2020-12-18,481,1,0.4
2,Lewes,2020-12-18,483,1,0.4
2,Wealden,2020-12-18,485,1,0.4
2,Colchester,2020-12-18,491,1,0.4
2,Tendring,2020-12-18,495,1,0.4
2,Uttlesford,2020-12-18,496,1,0.4
2,Cheltenham,2020-12-18,497,1,0.4
2,Cotswold,2020-12-18,498,1,0.4
2,Forest of Dean,2020-12-18,499,1,0.4
2,Gloucester,2020-12-18,500,1,0.4
2,Stroud,2020-12-18,501,1,0.4
2,Tewkesbury,2020-12-18,502,1,0.4
2,Basingstoke and Deane,2020-12-18,503,1,0.4
2,East Hampshire,2020-12-18,504,1,0.4
2,Eastleigh,2020-12-18,505,1,0.4
2,Fareham,2020-12-18,506,1,0.4
2,Hart,2020-12-18,508,1,0.4
2,New Forest,2020-12-18,510,1,0.4
2,Rushmoor,2020-12-18,511,1,0.4
2,Test Valley,2020-12-18,512,1,0.4
2,Winchester,2020-12-18,513,1,0.4
2,Breckland,2020-12-18,558,1,0.4
2,Broadland,2020-12-18,559,1,0.4
2,Great Yarmouth,2020-12-18,560,1,0.4
2,King's Lynn and West Norfolk,2020-12-18,561,1,0.4
2,North Norfolk,2020-12-18,562,1,0.4
2,Norwich,2020-12-18,563,1,0.4
2,South Norfolk,2020-12-18,564,1,0.4
2,Corby,2020-12-18,565,1,0.4
2,Daventry,2020-12-18,566,1,0.4
2,East Northamptonshire,2020-12-18,567,1,0.4
2,Kettering,2020-12-18,568,1,0.4
2,Northampton,2020-12-18,569,1,0.4
2,South Northamptonshire,2020-12-18,570,1,0.4
2,Wellingborough,2020-12-18,571,1,0.4
2,Craven,2020-12-18,572,1,0.4
2,Hambleton,2020-12-18,573,1,0.4
2,Harrogate,2020-12-18,574,1,0.4
2,Richmondshire,2020-12-18,575,1,0.4
2,Ryedale,2020-12-18,576,1,0.4
2,Scarborough,2020-12-18,577,1,0.4
2,Selby,2020-12-18,578,1,0.4
2,Cherwell,2020-12-18,586,1,0.4
2,Oxford,2020-12-18,587,1,0.4
2,South Oxfordshire,2020-12-18,588,1,0.4
2,Vale of White Horse,2020-12-18,589,1,0.4
2,West Oxfordshire,2020-12-18,590,1,0.4
2,Babergh,2020-12-18,599,1,0.4
2,Ipswich,2020-12-18,600,1,0.4
2,Mid Suffolk,2020-12-18,601,1,0.4
2,Waverley,2020-12-18,611,1,0.4
2,Adur,2020-12-18,618,1,0.4
2,Arun,2020-12-18,619,1,0.4
2,Chichester,2020-12-18,620,1,0.4
2,Crawley,2020-12-18,621,1,0.4
2,Horsham,2020-12-18,622,1,0.4
2,Mid Sussex,2020-12-18,623,1,0.4
2,Worthing,2020-12-18,624,1,0.4
2,Bromsgrove,2020-12-18,625,1,0.4
2,Malvern Hills,2020-12-18,626,1,0.4
2,Redditch,2020-12-18,627,1,0.4
2,Worcester,2020-12-18,628,1,0.4
2,Wychavon,2020-12-18,629,1,0.4
2,Wyre Forest,2020-12-18,630,1,0.4
2,East Suffolk,2020-12-18,635,1,0.4
2,West Suffolk,2020-12-18,636,1,0.4
2,Knowsley,2020-12-18,647,1,0.4
2,Liverpool,2020-12-18,648,1,0.4
2,St. Helens,2020-12-18,649,1,0.4
2,Sefton,2020-12-18,650,1,0.4
2,Wirral,2020-12-18,651,1,0.4
2,Torbay,2020-12-18,735,1,0.4
3,Hartlepool,2020-12-09,14,1,0.6
3,Middlesbrough,2020-12-09,15,1,0.6
3,Redcar and Cleveland,2020-12-09,16,1,0.6
3,Stockton-on-Tees,2020-12-09,17,1,0.6
3,Darlington,2020-12-09,18,1,0.6
3,Blackburn with Darwen,2020-12-09,21,1,0.6
3,Blackpool,2020-12-09,22,1,0.6
3,"Kingston upon Hull, City of",2020-12-09,23,1,0.6
3,East Riding of Yorkshire,2020-12-09,24,1,0.6
3,North East Lincolnshire,2020-12-09,25,1,0.6
3,North Lincolnshire,2020-12-09,26,1,0.6
3,Derby,2020-12-09,28,1,0.6
3,Leicester,2020-12-09,29,1,0.6
3,"Bristol, City of",2020-12-09,30,1,0.6
3,North Somerset,2020-12-09,31,1,0.6
3,South Gloucestershire,2020-12-09,32,1,0.6
3,Medway,2020-12-09,39,1,0.6
3,Slough,2020-12-09,43,1,0.6
3,County Durham,2020-12-09,51,1,0.6
3,Nottingham,2020-12-09,55,1,0.6
3,Stoke-on-Trent,2020-12-09,58,1,0.6
3,Northumberland,2020-12-09,65,1,0.6
3,Amber Valley,2020-12-09,79,1,0.6
3,Bolsover,2020-12-09,80,1,0.6
3,Chesterfield,2020-12-09,81,1,0.6
3,Derbyshire Dales,2020-12-09,82,1,0.6
3,Erewash,2020-12-09,83,1,0.6
3,High Peak,2020-12-09,84,1,0.6
3,North East Derbyshire,2020-12-09,85,1,0.6
3,South Derbyshire,2020-12-09,86,1,0.6
3,Ashford,2020-12-09,126,1,0.6
3,Canterbury,2020-12-09,127,1,0.6
3,Dartford,2020-12-09,128,1,0.6
3,Dover,2020-12-09,129,1,0.6
3,Gravesham,2020-12-09,130,1,0.6
3,Maidstone,2020-12-09,131,1,0.6
3,Sevenoaks,2020-12-09,132,1,0.6
3,Folkestone and Hythe,2020-12-09,133,1,0.6
3,Swale,2020-12-09,134,1,0.6
3,Thanet,2020-12-09,135,1,0.6
3,Tonbridge and Malling,2020-12-09,136,1,0.6
3,Tunbridge Wells,2020-12-09,137,1,0.6
3,Burnley,2020-12-09,138,1,0.6
3,Chorley,2020-12-09,139,1,0.6
3,Fylde,2020-12-09,140,1,0.6
3,Hyndburn,2020-12-09,141,1,0.6
3,Lancaster,2020-12-09,142,1,0.6
3,Pendle,2020-12-09,143,1,0.6
3,Preston,2020-12-09,144,1,0.6
3,Ribble Valley,2020-12-09,145,1,0.6
3,Rossendale,2020-12-09,146,1,0.6
3,South Ribble,2020-12-09,147,1,0.6
3,West Lancashire,2020-12-09,148,1,0.6
3,Wyre,2020-12-09,149,1,0.6
3,Blaby,2020-12-09,150,1,0.6
3,Charnwood,2020-12-09,151,1,0.6
3,Harborough,2020-12-09,152,1,0.6
3,Hinckley and Bosworth,2020-12-09,153,1,0.6
3,Melton,2020-12-09,154,1,0.6
3,North West Leicestershire,2020-12-09,155,1,0.6
3,Oadby and Wigston,2020-12-09,156,1,0.6
3,Boston,2020-12-09,157,1,0.6
3,East Lindsey,2020-12-09,158,1,0.6
3,Lincoln,2020-12-09,159,1,0.6
3,North Kesteven,2020-12-09,160,1,0.6
3,South Holland,2020-12-09,161,1,0.6
3,South Kesteven,2020-12-09,162,1,0.6
3,West Lindsey,2020-12-09,163,1,0.6
3,Ashfield,2020-12-09,185,1,0.6
3,Bassetlaw,2020-12-09,186,1,0.6
3,Broxtowe,2020-12-09,187,1,0.6
3,Gedling,2020-12-09,188,1,0.6
3,Mansfield,2020-12-09,189,1,0.6
3,Newark and Sherwood,2020-12-09,190,1,0.6
3,Rushcliffe,2020-12-09,191,1,0.6
3,Cannock Chase,2020-12-09,197,1,0.6
3,East Staffordshire,2020-12-09,198,1,0.6
3,Lichfield,2020-12-09,199,1,0.6
3,Newcastle-under-Lyme,2020-12-09,200,1,0.6
3,South Staffordshire,2020-12-09,201,1,0.6
3,Stafford,2020-12-09,202,1,0.6
3,Staffordshire Moorlands,2020-12-09,203,1,0.6
3,Tamworth,2020-12-09,204,1,0.6
3,North Warwickshire,2020-12-09,219,1,0.6
3,Nuneaton and Bedworth,2020-12-09,220,1,0.6
3,Rugby,2020-12-09,221,1,0.6
3,Stratford-on-Avon,2020-12-09,222,1,0.6
3,Warwick,2020-12-09,223,1,0.6
3,Bolton,2020-12-09,243,1,0.6
3,Bury,2020-12-09,244,1,0.6
3,Manchester,2020-12-09,245,1,0.6
3,Oldham,2020-12-09,246,1,0.6
3,Rochdale,2020-12-09,247,1,0.6
3,Salford,2020-12-09,248,1,0.6
3,Stockport,2020-12-09,249,1,0.6
3,Tameside,2020-12-09,250,1,0.6
3,Trafford,2020-12-09,251,1,0.6
3,Wigan,2020-12-09,252,1,0.6
3,Barnsley,2020-12-09,258,1,0.6
3,Doncaster,2020-12-09,259,1,0.6
3,Rotherham,2020-12-09,260,1,0.6
3,Sheffield,2020-12-09,261,1,0.6
3,Newcastle upon Tyne,2020-12-09,262,1,0.6
3,North Tyneside,2020-12-09,263,1,0.6
3,South Tyneside,2020-12-09,264,1,0.6
3,Sunderland,2020-12-09,265,1,0.6
3,Birmingham,2020-12-09,266,1,0.6
3,Coventry,2020-12-09,267,1,0.6
3,Dudley,2020-12-09,268,1,0.6
3,Sandwell,2020-12-09,269,1,0.6
3,Solihull,2020-12-09,270,1,0.6
3,Walsall,2020-12-09,271,1,0.6
3,Wolverhampton,2020-12-09,272,1,0.6
3,Bradford,2020-12-09,273,1,0.6
3,Calderdale,2020-12-09,274,1,0.6
3,Kirklees,2020-12-09,275,1,0.6
3,Leeds,2020-12-09,276,1,0.6
3,Wakefield,2020-12-09,277,1,0.6
3,Gateshead,2020-12-09,278,1,0.6
3,Hartlepool,2020-12-18,408,1,0.6
3,Middlesbrough,2020-12-18,409,1,0.6
3,Redcar and Cleveland,2020-12-18,410,1,0.6
3,Stockton-on-Tees,2020-12-18,411,1,0.6
3,Darlington,2020-12-18,412,1,0.6
3,Blackburn with Darwen,2020-12-18,415,1,0.6
3,Blackpool,2020-12-18,416,1,0.6
3,"Kingston upon Hull, City of",2020-12-18,417,1,0.6
3,East Riding of Yorkshire,2020-12-18,418,1,0.6
3,North East Lincolnshire,2020-12-18,419,1,0.6
3,North Lincolnshire,2020-12-18,420,1,0.6
3,Derby,2020-12-18,422,1,0.6
3,Leicester,2020-12-18,423,1,0.6
3,South Gloucestershire,2020-12-18,426,1,0.6
3,Peterborough,2020-12-18,429,1,0.6
3,Luton,2020-12-18,430,1,0.6
3,Southend-on-Sea,2020-12-18,431,1,0.6
3,Thurrock,2020-12-18,432,1,0.6
3,Medway,2020-12-18,433,1,0.6
3,Bracknell Forest,2020-12-18,434,1,0.6
3,West Berkshire,2020-12-18,435,1,0.6
3,Reading,2020-12-18,436,1,0.6
3,Slough,2020-12-18,437,1,0.6
3,Windsor and Maidenhead,2020-12-18,438,1,0.6
3,Wokingham,2020-12-18,439,1,0.6
3,Milton Keynes,2020-12-18,440,1,0.6
3,Portsmouth,2020-12-18,442,1,0.6
3,County Durham,2020-12-18,445,1,0.6
3,Nottingham,2020-12-18,449,1,0.6
3,Stoke-on-Trent,2020-12-18,452,1,0.6
3,Bedford,2020-12-18,457,1,0.6
3,Central Bedfordshire,2020-12-18,458,1,0.6
3,Northumberland,2020-12-18,459,1,0.6
3,Buckinghamshire,2020-12-18,461,1,0.6
3,Amber Valley,2020-12-18,473,1,0.6
3,Bolsover,2020-12-18,474,1,0.6
3,Chesterfield,2020-12-18,475,1,0.6
3,Derbyshire Dales,2020-12-18,476,1,0.6
3,Erewash,2020-12-18,477,1,0.6
3,High Peak,2020-12-18,478,1,0.6
3,North East Derbyshire,2020-12-18,479,1,0.6
3,South Derbyshire,2020-12-18,480,1,0.6
3,Hastings,2020-12-18,482,1,0.6
3,Rother,2020-12-18,484,1,0.6
3,Basildon,2020-12-18,486,1,0.6
3,Braintree,2020-12-18,487,1,0.6
3,Brentwood,2020-12-18,488,1,0.6
3,Castle Point,2020-12-18,489,1,0.6
3,Chelmsford,2020-12-18,490,1,0.6
3,Epping Forest,2020-12-18,492,1,0.6
3,Harlow,2020-12-18,493,1,0.6
3,Rochford,2020-12-18,494,1,0.6
3,Gosport,2020-12-18,507,1,0.6
3,Havant,2020-12-18,509,1,0.6
3,Broxbourne,2020-12-18,514,1,0.6
3,Dacorum,2020-12-18,515,1,0.6
3,Hertsmere,2020-12-18,516,1,0.6
3,North Hertfordshire,2020-12-18,517,1,0.6
3,Three Rivers,2020-12-18,518,1,0.6
3,Watford,2020-12-18,519,1,0.6
3,Ashford,2020-12-18,520,1,0.6
3,Canterbury,2020-12-18,521,1,0.6
3,Dartford,2020-12-18,522,1,0.6
3,Dover,2020-12-18,523,1,0.6
3,Gravesham,2020-12-18,524,1,0.6
3,Maidstone,2020-12-18,525,1,0.6
3,Sevenoaks,2020-12-18,526,1,0.6
3,Folkestone and Hythe,2020-12-18,527,1,0.6
3,Swale,2020-12-18,528,1,0.6
3,Thanet,2020-12-18,529,1,0.6
3,Tonbridge and Malling,2020-12-18,530,1,0.6
3,Tunbridge Wells,2020-12-18,531,1,0.6
3,Burnley,2020-12-18,532,1,0.6
3,Chorley,2020-12-18,533,1,0.6
3,Fylde,2020-12-18,534,1,0.6
3,Hyndburn,2020-12-18,535,1,0.6
3,Lancaster,2020-12-18,536,1,0.6
3,Pendle,2020-12-18,537,1,0.6
3,Preston,2020-12-18,538,1,0.6
3,Ribble Valley,2020-12-18,539,1,0.6
3,Rossendale,2020-12-18,540,1,0.6
3,South Ribble,2020-12-18,541,1,0.6
3,West Lancashire,2020-12-18,542,1,0.6
3,Wyre,2020-12-18,543,1,0.6
3,Blaby,2020-12-18,544,1,0.6
3,Charnwood,2020-12-18,545,1,0.6
3,Harborough,2020-12-18,546,1,0.6
3,Hinckley and Bosworth,2020-12-18,547,1,0.6
3,Melton,2020-12-18,548,1,0.6
3,North West Leicestershire,2020-12-18,549,1,0.6
3,Oadby and Wigston,2020-12-18,550,1,0.6
3,Boston,2020-12-18,551,1,0.6
3,East Lindsey,2020-12-18,552,1,0.6
3,Lincoln,2020-12-18,553,1,0.6
3,North Kesteven,2020-12-18,554,1,0.6
3,South Holland,2020-12-18,555,1,0.6
3,South Kesteven,2020-12-18,556,1,0.6
3,West Lindsey,2020-12-18,557,1,0.6
3,Ashfield,2020-12-18,579,1,0.6
3,Bassetlaw,2020-12-18,580,1,0.6
3,Broxtowe,2020-12-18,581,1,0.6
3,Gedling,2020-12-18,582,1,0.6
3,Mansfield,2020-12-18,583,1,0.6
3,Newark and Sherwood,2020-12-18,584,1,0.6
3,Rushcliffe,2020-12-18,585,1,0.6
3,Cannock Chase,2020-12-18,591,1,0.6
3,East Staffordshire,2020-12-18,592,1,0.6
3,Lichfield,2020-12-18,593,1,0.6
3,Newcastle-under-Lyme,2020-12-18,594,1,0.6
3,South Staffordshire,2020-12-18,595,1,0.6
3,Stafford,2020-12-18,596,1,0.6
3,Staffordshire Moorlands,2020-12-18,597,1,0.6
3,Tamworth,2020-12-18,598,1,0.6
3,Elmbridge,2020-12-18,602,1,0.6
3,Epsom and Ewell,2020-12-18,603,1,0.6
3,Guildford,2020-12-18,604,1,0.6
3,Mole Valley,2020-12-18,605,1,0.6
3,Reigate and Banstead,2020-12-18,606,1,0.6
3,Runnymede,2020-12-18,607,1,0.6
3,Spelthorne,2020-12-18,608,1,0.6
3,Surrey Heath,2020-12-18,609,1,0.6
3,Tandridge,2020-12-18,610,1,0.6
3,Woking,2020-12-18,612,1,0.6
3,North Warwickshire,2020-12-18,613,1,0.6
3,Nuneaton and Bedworth,2020-12-18,614,1,0.6
3,Rugby,2020-12-18,615,1,0.6
3,Stratford-on-Avon,2020-12-18,616,1,0.6
3,Warwick,2020-12-18,617,1,0.6
3,St Albans,2020-12-18,631,1,0.6
3,Welwyn Hatfield,2020-12-18,632,1,0.6
3,East Hertfordshire,2020-12-18,633,1,0.6
3,Stevenage,2020-12-18,634,1,0.6
3,Bolton,2020-12-18,637,1,0.6
3,Bury,2020-12-18,638,1,0.6
3,Manchester,2020-12-18,639,1,0.6
3,Oldham,2020-12-18,640,1,0.6
3,Rochdale,2020-12-18,641,1,0.6
3,Salford,2020-12-18,642,1,0.6
3,Stockport,2020-12-18,643,1,0.6
3,Tameside,2020-12-18,644,1,0.6
3,Trafford,2020-12-18,645,1,0.6
3,Wigan,2020-12-18,646,1,0.6
3,Barnsley,2020-12-18,652,1,0.6
3,Doncaster,2020-12-18,653,1,0.6
3,Rotherham,2020-12-18,654,1,0.6
3,Sheffield,2020-12-18,655,1,0.6
3,Newcastle upon Tyne,2020-12-18,656,1,0.6
3,North Tyneside,2020-12-18,657,1,0.6
3,South Tyneside,2020-12-18,658,1,0.6
3,Sunderland,2020-12-18,659,1,0.6
3,Birmingham,2020-12-18,660,1,0.6
3,Coventry,2020-12-18,661,1,0.6
3,Dudley,2020-12-18,662,1,0.6
3,Sandwell,2020-12-18,663,1,0.6
3,Solihull,2020-12-18,664,1,0.6
3,Walsall,2020-12-18,665,1,0.6
3,Wolverhampton,2020-12-18,666,1,0.6
3,Bradford,2020-12-18,667,1,0.6
3,Calderdale,2020-12-18,668,1,0.6
3,Kirklees,2020-12-18,669,1,0.6
3,Leeds,2020-12-18,670,1,0.6
3,Wakefield,2020-12-18,671,1,0.6
3,Gateshead,2020-12-18,672,1,0.6
3,City of London,2020-12-18,673,1,0.6
3,Barking and Dagenham,2020-12-18,674,1,0.6
3,Barnet,2020-12-18,675,1,0.6
3,Bexley,2020-12-18,676,1,0.6
3,Brent,2020-12-18,677,1,0.6
3,Bromley,2020-12-18,678,1,0.6
3,Camden,2020-12-18,679,1,0.6
3,Croydon,2020-12-18,680,1,0.6
3,Ealing,2020-12-18,681,1,0.6
3,Enfield,2020-12-18,682,1,0.6
3,Greenwich,2020-12-18,683,1,0.6
3,Hackney,2020-12-18,684,1,0.6
3,Hammersmith and Fulham,2020-12-18,685,1,0.6
3,Haringey,2020-12-18,686,1,0.6
3,Harrow,2020-12-18,687,1,0.6
3,Havering,2020-12-18,688,1,0.6
3,Hillingdon,2020-12-18,689,1,0.6
3,Hounslow,2020-12-18,690,1,0.6
3,Islington,2020-12-18,691,1,0.6
3,Kensington and Chelsea,2020-12-18,692,1,0.6
3,Kingston upon Thames,2020-12-18,693,1,0.6
3,Lambeth,2020-12-18,694,1,0.6
3,Lewisham,2020-12-18,695,1,0.6
3,Merton,2020-12-18,696,1,0.6
3,Newham,2020-12-18,697,1,0.6
3,Redbridge,2020-12-18,698,1,0.6
3,Richmond upon Thames,2020-12-18,699,1,0.6
3,Southwark,2020-12-18,700,1,0.6
3,Sutton,2020-12-18,701,1,0.6
3,Tower Hamlets,2020-12-18,702,1,0.6
3,Waltham Forest,2020-12-18,703,1,0.6
3,Wandsworth,2020-12-18,704,1,0.6
3,Westminster,2020-12-18,705,1,0.6
3,Maldon,2020-12-18,737,1,0.6
3,Dorset,2020-12-30,789,1,0.6
3,East Devon,2020-12-30,790,1,0.6
3,Mid Devon,2020-12-30,792,1,0.6
3,North Devon,2020-12-30,793,1,0.6
3,West Devon,2020-12-30,797,1,0.6
3,"Kingston upon Hull, City of",2020-12-30,811,1,0.6
3,East Riding of Yorkshire,2020-12-30,812,1,0.6
3,North East Lincolnshire,2020-12-30,813,1,0.6
3,North Lincolnshire,2020-12-30,814,1,0.6
3,York,2020-12-30,815,1,0.6
3,"Bristol, City of",2020-12-30,818,1,0.6
3,North Somerset,2020-12-30,819,1,0.6
3,South Gloucestershire,2020-12-30,820,1,0.6
3,Plymouth,2020-12-30,821,1,0.6
3,Rutland,2020-12-30,842,1,0.6
3,"Herefordshire, County of",2020-12-30,844,1,0.6
3,Telford and Wrekin,2020-12-30,845,1,0.6
3,Bath and North East Somerset,2020-12-30,847,1,0.6
3,Shropshire,2020-12-30,848,1,0.6
3,Cornwall,2020-12-30,849,1,0.6
3,Wiltshire,2020-12-30,850,1,0.6
3,Craven,2020-12-30,966,1,0.6
3,Hambleton,2020-12-30,967,1,0.6
3,Harrogate,2020-12-30,968,1,0.6
3,Richmondshire,2020-12-30,969,1,0.6
3,Ryedale,2020-12-30,970,1,0.6
3,Scarborough,2020-12-30,971,1,0.6
3,Selby,2020-12-30,972,1,0.6
3,Worcester,2020-12-30,1022,1,0.6
3,Liverpool,2020-12-30,1042,1,0.6
3,Barnsley,2020-12-30,1046,1,0.6
3,Doncaster,2020-12-30,1047,1,0.6
3,Rotherham,2020-12-30,1048,1,0.6
3,Sheffield,2020-12-30,1049,1,0.6
3,Bradford,2020-12-30,1061,1,0.6
3,Calderdale,2020-12-30,1062,1,0.6
3,Kirklees,2020-12-30,1063,1,0.6
3,Leeds,2020-12-30,1064,1,0.6
3,Wakefield,2020-12-30,1065,1,0.6
3,Torbay,2020-12-30,1129,1,0.6
4,Exeter,2020-12-30,791,1,0.8
4,South Hams,2020-12-30,794,1,0.8
4,Teignbridge,2020-12-30,795,1,0.8
4,Torridge,2020-12-30,796,1,0.8
4,Mendip,2020-12-30,798,1,0.8
4,Sedgemoor,2020-12-30,799,1,0.8
4,South Somerset,2020-12-30,800,1,0.8
4,Somerset West and Taunton,2020-12-30,801,1,0.8
4,Hartlepool,2020-12-30,802,1,0.8
4,Middlesbrough,2020-12-30,803,1,0.8
4,Redcar and Cleveland,2020-12-30,804,1,0.8
4,Stockton-on-Tees,2020-12-30,805,1,0.8
4,Darlington,2020-12-30,806,1,0.8
4,Halton,2020-12-30,807,1,0.8
4,Warrington,2020-12-30,808,1,0.8
4,Blackburn with Darwen,2020-12-30,809,1,0.8
4,Blackpool,2020-12-30,810,1,0.8
4,Derby,2020-12-30,816,1,0.8
4,Leicester,2020-12-30,817,1,0.8
4,Swindon,2020-12-30,822,1,0.8
4,Peterborough,2020-12-30,823,1,0.8
4,Luton,2020-12-30,824,1,0.8
4,Southend-on-Sea,2020-12-30,825,1,0.8
4,Thurrock,2020-12-30,826,1,0.8
4,Medway,2020-12-30,827,1,0.8
4,Bracknell Forest,2020-12-30,828,1,0.8
4,West Berkshire,2020-12-30,829,1,0.8
4,Reading,2020-12-30,830,1,0.8
4,Slough,2020-12-30,831,1,0.8
4,Windsor and Maidenhead,2020-12-30,832,1,0.8
4,Wokingham,2020-12-30,833,1,0.8
4,Milton Keynes,2020-12-30,834,1,0.8
4,Brighton and Hove,2020-12-30,835,1,0.8
4,Portsmouth,2020-12-30,836,1,0.8
4,Southampton,2020-12-30,837,1,0.8
4,Isle of Wight,2020-12-30,838,1,0.8
4,County Durham,2020-12-30,839,1,0.8
4,Cheshire East,2020-12-30,840,1,0.8
4,Cheshire West and Chester,2020-12-30,841,1,0.8
4,Nottingham,2020-12-30,843,1,0.8
4,Stoke-on-Trent,2020-12-30,846,1,0.8
4,Bedford,2020-12-30,851,1,0.8
4,Central Bedfordshire,2020-12-30,852,1,0.8
4,Northumberland,2020-12-30,853,1,0.8
4,"Bournemouth, Christchurch and Poole",2020-12-30,854,1,0.8
4,Buckinghamshire,2020-12-30,855,1,0.8
4,Cambridge,2020-12-30,856,1,0.8
4,East Cambridgeshire,2020-12-30,857,1,0.8
4,Fenland,2020-12-30,858,1,0.8
4,Huntingdonshire,2020-12-30,859,1,0.8
4,South Cambridgeshire,2020-12-30,860,1,0.8
4,Allerdale,2020-12-30,861,1,0.8
4,Barrow-in-Furness,2020-12-30,862,1,0.8
4,Carlisle,2020-12-30,863,1,0.8
4,Copeland,2020-12-30,864,1,0.8
4,Eden,2020-12-30,865,1,0.8
4,South Lakeland,2020-12-30,866,1,0.8
4,Amber Valley,2020-12-30,867,1,0.8
4,Bolsover,2020-12-30,868,1,0.8
4,Chesterfield,2020-12-30,869,1,0.8
4,Derbyshire Dales,2020-12-30,870,1,0.8
4,Erewash,2020-12-30,871,1,0.8
4,High Peak,2020-12-30,872,1,0.8
4,North East Derbyshire,2020-12-30,873,1,0.8
4,South Derbyshire,2020-12-30,874,1,0.8
4,Eastbourne,2020-12-30,875,1,0.8
4,Hastings,2020-12-30,876,1,0.8
4,Lewes,2020-12-30,877,1,0.8
4,Rother,2020-12-30,878,1,0.8
4,Wealden,2020-12-30,879,1,0.8
4,Basildon,2020-12-30,880,1,0.8
4,Braintree,2020-12-30,881,1,0.8
4,Brentwood,2020-12-30,882,1,0.8
4,Castle Point,2020-12-30,883,1,0.8
4,Chelmsford,2020-12-30,884,1,0.8
4,Colchester,2020-12-30,885,1,0.8
4,Epping Forest,2020-12-30,886,1,0.8
4,Harlow,2020-12-30,887,1,0.8
4,Rochford,2020-12-30,888,1,0.8
4,Tendring,2020-12-30,889,1,0.8
4,Uttlesford,2020-12-30,890,1,0.8
4,Cheltenham,2020-12-30,891,1,0.8
4,Cotswold,2020-12-30,892,1,0.8
4,Forest of Dean,2020-12-30,893,1,0.8
4,Gloucester,2020-12-30,894,1,0.8
4,Stroud,2020-12-30,895,1,0.8
4,Tewkesbury,2020-12-30,896,1,0.8
4,Basingstoke and Deane,2020-12-30,897,1,0.8
4,East Hampshire,2020-12-30,898,1,0.8
4,Eastleigh,2020-12-30,899,1,0.8
4,Fareham,2020-12-30,900,1,0.8
4,Gosport,2020-12-30,901,1,0.8
4,Hart,2020-12-30,902,1,0.8
4,Havant,2020-12-30,903,1,0.8
4,New Forest,2020-12-30,904,1,0.8
4,Rushmoor,2020-12-30,905,1,0.8
4,Test Valley,2020-12-30,906,1,0.8
4,Winchester,2020-12-30,907,1,0.8
4,Broxbourne,2020-12-30,908,1,0.8
4,Dacorum,2020-12-30,909,1,0.8
4,Hertsmere,2020-12-30,910,1,0.8
4,North Hertfordshire,2020-12-30,911,1,0.8
4,Three Rivers,2020-12-30,912,1,0.8
4,Watford,2020-12-30,913,1,0.8
4,Ashford,2020-12-30,914,1,0.8
4,Canterbury,2020-12-30,915,1,0.8
4,Dartford,2020-12-30,916,1,0.8
4,Dover,2020-12-30,917,1,0.8
4,Gravesham,2020-12-30,918,1,0.8
4,Maidstone,2020-12-30,919,1,0.8
4,Sevenoaks,2020-12-30,920,1,0.8
4,Folkestone and Hythe,2020-12-30,921,1,0.8
4,Swale,2020-12-30,922,1,0.8
4,Thanet,2020-12-30,923,1,0.8
4,Tonbridge and Malling,2020-12-30,924,1,0.8
4,Tunbridge Wells,2020-12-30,925,1,0.8
4,Burnley,2020-12-30,926,1,0.8
4,Chorley,2020-12-30,927,1,0.8
4,Fylde,2020-12-30,928,1,0.8
4,Hyndburn,2020-12-30,929,1,0.8
4,Lancaster,2020-12-30,930,1,0.8
4,Pendle,2020-12-30,931,1,0.8
4,Preston,2020-12-30,932,1,0.8
4,Ribble Valley,2020-12-30,933,1,0.8
4,Rossendale,2020-12-30,934,1,0.8
4,South Ribble,2020-12-30,935,1,0.8
4,West Lancashire,2020-12-30,936,1,0.8
4,Wyre,2020-12-30,937,1,0.8
4,Blaby,2020-12-30,938,1,0.8
4,Charnwood,2020-12-30,939,1,0.8
4,Harborough,2020-12-30,940,1,0.8
4,Hinckley and Bosworth,2020-12-30,941,1,0.8
4,Melton,2020-12-30,942,1,0.8
4,North West Leicestershire,2020-12-30,943,1,0.8
4,Oadby and Wigston,2020-12-30,944,1,0.8
4,Boston,2020-12-30,945,1,0.8
4,East Lindsey,2020-12-30,946,1,0.8
4,Lincoln,2020-12-30,947,1,0.8
4,North Kesteven,2020-12-30,948,1,0.8
4,South Holland,2020-12-30,949,1,0.8
4,South Kesteven,2020-12-30,950,1,0.8
4,West Lindsey,2020-12-30,951,1,0.8
4,Breckland,2020-12-30,952,1,0.8
4,Broadland,2020-12-30,953,1,0.8
4,Great Yarmouth,2020-12-30,954,1,0.8
4,King's Lynn and West Norfolk,2020-12-30,955,1,0.8
4,North Norfolk,2020-12-30,956,1,0.8
4,Norwich,2020-12-30,957,1,0.8
4,South Norfolk,2020-12-30,958,1,0.8
4,Corby,2020-12-30,959,1,0.8
4,Daventry,2020-12-30,960,1,0.8
4,East Northamptonshire,2020-12-30,961,1,0.8
4,Kettering,2020-12-30,962,1,0.8
4,Northampton,2020-12-30,963,1,0.8
4,South Northamptonshire,2020-12-30,964,1,0.8
4,Wellingborough,2020-12-30,965,1,0.8
4,Ashfield,2020-12-30,973,1,0.8
4,Bassetlaw,2020-12-30,974,1,0.8
4,Broxtowe,2020-12-30,975,1,0.8
4,Gedling,2020-12-30,976,1,0.8
4,Mansfield,2020-12-30,977,1,0.8
4,Newark and Sherwood,2020-12-30,978,1,0.8
4,Rushcliffe,2020-12-30,979,1,0.8
4,Cherwell,2020-12-30,980,1,0.8
4,Oxford,2020-12-30,981,1,0.8
4,South Oxfordshire,2020-12-30,982,1,0.8
4,Vale of White Horse,2020-12-30,983,1,0.8
4,West Oxfordshire,2020-12-30,984,1,0.8
4,Cannock Chase,2020-12-30,985,1,0.8
4,East Staffordshire,2020-12-30,986,1,0.8
4,Lichfield,2020-12-30,987,1,0.8
4,Newcastle-under-Lyme,2020-12-30,988,1,0.8
4,South Staffordshire,2020-12-30,989,1,0.8
4,Stafford,2020-12-30,990,1,0.8
4,Staffordshire Moorlands,2020-12-30,991,1,0.8
4,Tamworth,2020-12-30,992,1,0.8
4,Babergh,2020-12-30,993,1,0.8
4,Ipswich,2020-12-30,994,1,0.8
4,Mid Suffolk,2020-12-30,995,1,0.8
4,Elmbridge,2020-12-30,996,1,0.8
4,Epsom and Ewell,2020-12-30,997,1,0.8
4,Guildford,2020-12-30,998,1,0.8
4,Mole Valley,2020-12-30,999,1,0.8
4,Reigate and Banstead,2020-12-30,1000,1,0.8
4,Runnymede,2020-12-30,1001,1,0.8
4,Spelthorne,2020-12-30,1002,1,0.8
4,Surrey Heath,2020-12-30,1003,1,0.8
4,Tandridge,2020-12-30,1004,1,0.8
4,Waverley,2020-12-30,1005,1,0.8
4,Woking,2020-12-30,1006,1,0.8
4,North Warwickshire,2020-12-30,1007,1,0.8
4,Nuneaton and Bedworth,2020-12-30,1008,1,0.8
4,Rugby,2020-12-30,1009,1,0.8
4,Stratford-on-Avon,2020-12-30,1010,1,0.8
4,Warwick,2020-12-30,1011,1,0.8
4,Adur,2020-12-30,1012,1,0.8
4,Arun,2020-12-30,1013,1,0.8
4,Chichester,2020-12-30,1014,1,0.8
4,Crawley,2020-12-30,1015,1,0.8
4,Horsham,2020-12-30,1016,1,0.8
4,Mid Sussex,2020-12-30,1017,1,0.8
4,Worthing,2020-12-30,1018,1,0.8
4,Bromsgrove,2020-12-30,1019,1,0.8
4,Malvern Hills,2020-12-30,1020,1,0.8
4,Redditch,2020-12-30,1021,1,0.8
4,Wychavon,2020-12-30,1023,1,0.8
4,Wyre Forest,2020-12-30,1024,1,0.8
4,St Albans,2020-12-30,1025,1,0.8
4,Welwyn Hatfield,2020-12-30,1026,1,0.8
4,East Hertfordshire,2020-12-30,1027,1,0.8
4,Stevenage,2020-12-30,1028,1,0.8
4,East Suffolk,2020-12-30,1029,1,0.8
4,West Suffolk,2020-12-30,1030,1,0.8
4,Bolton,2020-12-30,1031,1,0.8
4,Bury,2020-12-30,1032,1,0.8
4,Manchester,2020-12-30,1033,1,0.8
4,Oldham,2020-12-30,1034,1,0.8
4,Rochdale,2020-12-30,1035,1,0.8
4,Salford,2020-12-30,1036,1,0.8
4,Stockport,2020-12-30,1037,1,0.8
4,Tameside,2020-12-30,1038,1,0.8
4,Trafford,2020-12-30,1039,1,0.8
4,Wigan,2020-12-30,1040,1,0.8
4,Knowsley,2020-12-30,1041,1,0.8
4,St. Helens,2020-12-30,1043,1,0.8
4,Sefton,2020-12-30,1044,1,0.8
4,Wirral,2020-12-30,1045,1,0.8
4,Newcastle upon Tyne,2020-12-30,1050,1,0.8
4,North Tyneside,2020-12-30,1051,1,0.8
4,South Tyneside,2020-12-30,1052,1,0.8
4,Sunderland,2020-12-30,1053,1,0.8
4,Birmingham,2020-12-30,1054,1,0.8
4,Coventry,2020-12-30,1055,1,0.8
4,Dudley,2020-12-30,1056,1,0.8
4,Sandwell,2020-12-30,1057,1,0.8
4,Solihull,2020-12-30,1058,1,0.8
4,Walsall,2020-12-30,1059,1,0.8
4,Wolverhampton,2020-12-30,1060,1,0.8
4,Gateshead,2020-12-30,1066,1,0.8
4,City of London,2020-12-30,1067,1,0.8
4,Barking and Dagenham,2020-12-30,1068,1,0.8
4,Barnet,2020-12-30,1069,1,0.8
4,Bexley,2020-12-30,1070,1,0.8
4,Brent,2020-12-30,1071,1,0.8
4,Bromley,2020-12-30,1072,1,0.8
4,Camden,2020-12-30,1073,1,0.8
4,Croydon,2020-12-30,1074,1,0.8
4,Ealing,2020-12-30,1075,1,0.8
4,Enfield,2020-12-30,1076,1,0.8
4,Greenwich,2020-12-30,1077,1,0.8
4,Hackney,2020-12-30,1078,1,0.8
4,Hammersmith and Fulham,2020-12-30,1079,1,0.8
4,Haringey,2020-12-30,1080,1,0.8
4,Harrow,2020-12-30,1081,1,0.8
4,Havering,2020-12-30,1082,1,0.8
4,Hillingdon,2020-12-30,1083,1,0.8
4,Hounslow,2020-12-30,1084,1,0.8
4,Islington,2020-12-30,1085,1,0.8
4,Kensington and Chelsea,2020-12-30,1086,1,0.8
4,Kingston upon Thames,2020-12-30,1087,1,0.8
4,Lambeth,2020-12-30,1088,1,0.8
4,Lewisham,2020-12-30,1089,1,0.8
4,Merton,2020-12-30,1090,1,0.8
4,Newham,2020-12-30,1091,1,0.8
4,Redbridge,2020-12-30,1092,1,0.8
4,Richmond upon Thames,2020-12-30,1093,1,0.8
4,Southwark,2020-12-30,1094,1,0.8
4,Sutton,2020-12-30,1095,1,0.8
4,Tower Hamlets,2020-12-30,1096,1,0.8
4,Waltham Forest,2020-12-30,1097,1,0.8
4,Wandsworth,2020-12-30,1098,1,0.8
4,Westminster,2020-12-30,1099,1,0.8
4,Maldon,2020-12-30,1131,1,0.8
L,Dorset,2021-01-05,1183,1,1
L,East Devon,2021-01-05,1184,1,1
L,Exeter,2021-01-05,1185,1,1
L,Mid Devon,2021-01-05,1186,1,1
L,North Devon,2021-01-05,1187,1,1
L,South Hams,2021-01-05,1188,1,1
L,Teignbridge,2021-01-05,1189,1,1
L,Torridge,2021-01-05,1190,1,1
L,West Devon,2021-01-05,1191,1,1
L,Mendip,2021-01-05,1192,1,1
L,Sedgemoor,2021-01-05,1193,1,1
L,South Somerset,2021-01-05,1194,1,1
L,Somerset West and Taunton,2021-01-05,1195,1,1
L,Hartlepool,2021-01-05,1196,1,1
L,Middlesbrough,2021-01-05,1197,1,1
L,Redcar and Cleveland,2021-01-05,1198,1,1
L,Stockton-on-Tees,2021-01-05,1199,1,1
L,Darlington,2021-01-05,1200,1,1
L,Halton,2021-01-05,1201,1,1
L,Warrington,2021-01-05,1202,1,1
L,Blackburn with Darwen,2021-01-05,1203,1,1
L,Blackpool,2021-01-05,1204,1,1
L,"Kingston upon Hull, City of",2021-01-05,1205,1,1
L,East Riding of Yorkshire,2021-01-05,1206,1,1
L,North East Lincolnshire,2021-01-05,1207,1,1
L,North Lincolnshire,2021-01-05,1208,1,1
L,York,2021-01-05,1209,1,1
L,Derby,2021-01-05,1210,1,1
L,Leicester,2021-01-05,1211,1,1
L,"Bristol, City of",2021-01-05,1212,1,1
L,North Somerset,2021-01-05,1213,1,1
L,South Gloucestershire,2021-01-05,1214,1,1
L,Plymouth,2021-01-05,1215,1,1
L,Swindon,2021-01-05,1216,1,1
L,Peterborough,2021-01-05,1217,1,1
L,Luton,2021-01-05,1218,1,1
L,Southend-on-Sea,2021-01-05,1219,1,1
L,Thurrock,2021-01-05,1220,1,1
L,Medway,2021-01-05,1221,1,1
L,Bracknell Forest,2021-01-05,1222,1,1
L,West Berkshire,2021-01-05,1223,1,1
L,Reading,2021-01-05,1224,1,1
L,Slough,2021-01-05,1225,1,1
L,Windsor and Maidenhead,2021-01-05,1226,1,1
L,Wokingham,2021-01-05,1227,1,1
L,Milton Keynes,2021-01-05,1228,1,1
L,Brighton and Hove,2021-01-05,1229,1,1
L,Portsmouth,2021-01-05,1230,1,1
L,Southampton,2021-01-05,1231,1,1
L,Isle of Wight,2021-01-05,1232,1,1
L,County Durham,2021-01-05,1233,1,1
L,Cheshire East,2021-01-05,1234,1,1
L,Cheshire West and Chester,2021-01-05,1235,1,1
L,Rutland,2021-01-05,1236,1,1
L,Nottingham,2021-01-05,1237,1,1
L,"Herefordshire, County of",2021-01-05,1238,1,1
L,Telford and Wrekin,2021-01-05,1239,1,1
L,Stoke-on-Trent,2021-01-05,1240,1,1
L,Bath and North East Somerset,2021-01-05,1241,1,1
L,Shropshire,2021-01-05,1242,1,1
L,Cornwall,2021-01-05,1243,1,1
L,Wiltshire,2021-01-05,1244,1,1
L,Bedford,2021-01-05,1245,1,1
L,Central Bedfordshire,2021-01-05,1246,1,1
L,Northumberland,2021-01-05,1247,1,1
L,"Bournemouth, Christchurch and Poole",2021-01-05,1248,1,1
L,Buckinghamshire,2021-01-05,1249,1,1
L,Cambridge,2021-01-05,1250,1,1
L,East Cambridgeshire,2021-01-05,1251,1,1
L,Fenland,2021-01-05,1252,1,1
L,Huntingdonshire,2021-01-05,1253,1,1
L,South Cambridgeshire,2021-01-05,1254,1,1
L,Allerdale,2021-01-05,1255,1,1
L,Barrow-in-Furness,2021-01-05,1256,1,1
L,Carlisle,2021-01-05,1257,1,1
L,Copeland,2021-01-05,1258,1,1
L,Eden,2021-01-05,1259,1,1
L,South Lakeland,2021-01-05,1260,1,1
L,Amber Valley,2021-01-05,1261,1,1
L,Bolsover,2021-01-05,1262,1,1
L,Chesterfield,2021-01-05,1263,1,1
L,Derbyshire Dales,2021-01-05,1264,1,1
L,Erewash,2021-01-05,1265,1,1
L,High Peak,2021-01-05,1266,1,1
L,North East Derbyshire,2021-01-05,1267,1,1
L,South Derbyshire,2021-01-05,1268,1,1
L,Eastbourne,2021-01-05,1269,1,1
L,Hastings,2021-01-05,1270,1,1
L,Lewes,2021-01-05,1271,1,1
L,Rother,2021-01-05,1272,1,1
L,Wealden,2021-01-05,1273,1,1
L,Basildon,2021-01-05,1274,1,1
L,Braintree,2021-01-05,1275,1,1
L,Brentwood,2021-01-05,1276,1,1
L,Castle Point,2021-01-05,1277,1,1
L,Chelmsford,2021-01-05,1278,1,1
L,Colchester,2021-01-05,1279,1,1
L,Epping Forest,2021-01-05,1280,1,1
L,Harlow,2021-01-05,1281,1,1
L,Rochford,2021-01-05,1282,1,1
L,Tendring,2021-01-05,1283,1,1
L,Uttlesford,2021-01-05,1284,1,1
L,Cheltenham,2021-01-05,1285,1,1
L,Cotswold,2021-01-05,1286,1,1
L,Forest of Dean,2021-01-05,1287,1,1
L,Gloucester,2021-01-05,1288,1,1
L,Stroud,2021-01-05,1289,1,1
L,Tewkesbury,2021-01-05,1290,1,1
L,Basingstoke and Deane,2021-01-05,1291,1,1
L,East Hampshire,2021-01-05,1292,1,1
L,Eastleigh,2021-01-05,1293,1,1
L,Fareham,2021-01-05,1294,1,1
L,Gosport,2021-01-05,1295,1,1
L,Hart,2021-01-05,1296,1,1
L,Havant,2021-01-05,1297,1,1
L,New Forest,2021-01-05,1298,1,1
L,Rushmoor,2021-01-05,1299,1,1
L,Test Valley,2021-01-05,1300,1,1
L,Winchester,2021-01-05,1301,1,1
L,Broxbourne,2021-01-05,1302,1,1
L,Dacorum,2021-01-05,1303,1,1
L,Hertsmere,2021-01-05,1304,1,1
L,North Hertfordshire,2021-01-05,1305,1,1
L,Three Rivers,2021-01-05,1306,1,1
L,Watford,2021-01-05,1307,1,1
L,Ashford,2021-01-05,1308,1,1
L,Canterbury,2021-01-05,1309,1,1
L,Dartford,2021-01-05,1310,1,1
L,Dover,2021-01-05,1311,1,1
L,Gravesham,2021-01-05,1312,1,1
L,Maidstone,2021-01-05,1313,1,1
L,Sevenoaks,2021-01-05,1314,1,1
L,Folkestone and Hythe,2021-01-05,1315,1,1
L,Swale,2021-01-05,1316,1,1
L,Thanet,2021-01-05,1317,1,1
L,Tonbridge and Malling,2021-01-05,1318,1,1
L,Tunbridge Wells,2021-01-05,1319,1,1
L,Burnley,2021-01-05,1320,1,1
L,Chorley,2021-01-05,1321,1,1
L,Fylde,2021-01-05,1322,1,1
L,Hyndburn,2021-01-05,1323,1,1
L,Lancaster,2021-01-05,1324,1,1
L,Pendle,2021-01-05,1325,1,1
L,Preston,2021-01-05,1326,1,1
L,Ribble Valley,2021-01-05,1327,1,1
L,Rossendale,2021-01-05,1328,1,1
L,South Ribble,2021-01-05,1329,1,1
L,West Lancashire,2021-01-05,1330,1,1
L,Wyre,2021-01-05,1331,1,1
L,Blaby,2021-01-05,1332,1,1
L,Charnwood,2021-01-05,1333,1,1
L,Harborough,2021-01-05,1334,1,1
L,Hinckley and Bosworth,2021-01-05,1335,1,1
L,Melton,2021-01-05,1336,1,1
L,North West Leicestershire,2021-01-05,1337,1,1
L,Oadby and Wigston,2021-01-05,1338,1,1
L,Boston,2021-01-05,1339,1,1
L,East Lindsey,2021-01-05,1340,1,1
L,Lincoln,2021-01-05,1341,1,1
L,North Kesteven,2021-01-05,1342,1,1
L,South Holland,2021-01-05,1343,1,1
L,South Kesteven,2021-01-05,1344,1,1
L,West Lindsey,2021-01-05,1345,1,1
L,Breckland,2021-01-05,1346,1,1
L,Broadland,2021-01-05,1347,1,1
L,Great Yarmouth,2021-01-05,1348,1,1
L,King's Lynn and West Norfolk,2021-01-05,1349,1,1
L,North Norfolk,2021-01-05,1350,1,1
L,Norwich,2021-01-05,1351,1,1
L,South Norfolk,2021-01-05,1352,1,1
L,Corby,2021-01-05,1353,1,1
L,Daventry,2021-01-05,1354,1,1
L,East Northamptonshire,2021-01-05,1355,1,1
L,Kettering,2021-01-05,1356,1,1
L,Northampton,2021-01-05,1357,1,1
L,South Northamptonshire,2021-01-05,1358,1,1
L,Wellingborough,2021-01-05,1359,1,1
L,Craven,2021-01-05,1360,1,1
L,Hambleton,2021-01-05,1361,1,1
L,Harrogate,2021-01-05,1362,1,1
L,Richmondshire,2021-01-05,1363,1,1
L,Ryedale,2021-01-05,1364,1,1
L,Scarborough,2021-01-05,1365,1,1
L,Selby,2021-01-05,1366,1,1
L,Ashfield,2021-01-05,1367,1,1
L,Bassetlaw,2021-01-05,1368,1,1
L,Broxtowe,2021-01-05,1369,1,1
L,Gedling,2021-01-05,1370,1,1
L,Mansfield,2021-01-05,1371,1,1
L,Newark and Sherwood,2021-01-05,1372,1,1
L,Rushcliffe,2021-01-05,1373,1,1
L,Cherwell,2021-01-05,1374,1,1
L,Oxford,2021-01-05,1375,1,1
L,South Oxfordshire,2021-01-05,1376,1,1
L,Vale of White Horse,2021-01-05,1377,1,1
L,West Oxfordshire,2021-01-05,1378,1,1
L,Cannock Chase,2021-01-05,1379,1,1
L,East Staffordshire,2021-01-05,1380,1,1
L,Lichfield,2021-01-05,1381,1,1
L,Newcastle-under-Lyme,2021-01-05,1382,1,1
L,South Staffordshire,2021-01-05,1383,1,1
L,Stafford,2021-01-05,1384,1,1
L,Staffordshire Moorlands,2021-01-05,1385,1,1
L,Tamworth,2021-01-05,1386,1,1
L,Babergh,2021-01-05,1387,1,1
L,Ipswich,2021-01-05,1388,1,1
L,Mid Suffolk,2021-01-05,1389,1,1
L,Elmbridge,2021-01-05,1390,1,1
L,Epsom and Ewell,2021-01-05,1391,1,1
L,Guildford,2021-01-05,1392,1,1
L,Mole Valley,2021-01-05,1393,1,1
L,Reigate and Banstead,2021-01-05,1394,1,1
L,Runnymede,2021-01-05,1395,1,1
L,Spelthorne,2021-01-05,1396,1,1
L,Surrey Heath,2021-01-05,1397,1,1
L,Tandridge,2021-01-05,1398,1,1
L,Waverley,2021-01-05,1399,1,1
L,Woking,2021-01-05,1400,1,1
L,North Warwickshire,2021-01-05,1401,1,1
L,Nuneaton and Bedworth,2021-01-05,1402,1,1
L,Rugby,2021-01-05,1403,1,1
L,Stratford-on-Avon,2021-01-05,1404,1,1
L,Warwick,2021-01-05,1405,1,1
L,Adur,2021-01-05,1406,1,1
L,Arun,2021-01-05,1407,1,1
L,Chichester,2021-01-05,1408,1,1
L,Crawley,2021-01-05,1409,1,1
L,Horsham,2021-01-05,1410,1,1
L,Mid Sussex,2021-01-05,1411,1,1
L,Worthing,2021-01-05,1412,1,1
L,Bromsgrove,2021-01-05,1413,1,1
L,Malvern Hills,2021-01-05,1414,1,1
L,Redditch,2021-01-05,1415,1,1
L,Worcester,2021-01-05,1416,1,1
L,Wychavon,2021-01-05,1417,1,1
L,Wyre Forest,2021-01-05,1418,1,1
L,St Albans,2021-01-05,1419,1,1
L,Welwyn Hatfield,2021-01-05,1420,1,1
L,East Hertfordshire,2021-01-05,1421,1,1
L,Stevenage,2021-01-05,1422,1,1
L,East Suffolk,2021-01-05,1423,1,1
L,West Suffolk,2021-01-05,1424,1,1
L,Bolton,2021-01-05,1425,1,1
L,Bury,2021-01-05,1426,1,1
L,Manchester,2021-01-05,1427,1,1
L,Oldham,2021-01-05,1428,1,1
L,Rochdale,2021-01-05,1429,1,1
L,Salford,2021-01-05,1430,1,1
L,Stockport,2021-01-05,1431,1,1
L,Tameside,2021-01-05,1432,1,1
L,Trafford,2021-01-05,1433,1,1
L,Wigan,2021-01-05,1434,1,1
L,Knowsley,2021-01-05,1435,1,1
L,Liverpool,2021-01-05,1436,1,1
L,St. Helens,2021-01-05,1437,1,1
L,Sefton,2021-01-05,1438,1,1
L,Wirral,2021-01-05,1439,1,1
L,Barnsley,2021-01-05,1440,1,1
L,Doncaster,2021-01-05,1441,1,1
L,Rotherham,2021-01-05,1442,1,1
L,Sheffield,2021-01-05,1443,1,1
L,Newcastle upon Tyne,2021-01-05,1444,1,1
L,North Tyneside,2021-01-05,1445,1,1
L,South Tyneside,2021-01-05,1446,1,1
L,Sunderland,2021-01-05,1447,1,1
L,Birmingham,2021-01-05,1448,1,1
L,Coventry,2021-01-05,1449,1,1
L,Dudley,2021-01-05,1450,1,1
L,Sandwell,2021-01-05,1451,1,1
L,Solihull,2021-01-05,1452,1,1
L,Walsall,2021-01-05,1453,1,1
L,Wolverhampton,2021-01-05,1454,1,1
L,Bradford,2021-01-05,1455,1,1
L,Calderdale,2021-01-05,1456,1,1
L,Kirklees,2021-01-05,1457,1,1
L,Leeds,2021-01-05,1458,1,1
L,Wakefield,2021-01-05,1459,1,1
L,Gateshead,2021-01-05,1460,1,1
L,City of London,2021-01-05,1461,1,1
L,Barking and Dagenham,2021-01-05,1462,1,1
L,Barnet,2021-01-05,1463,1,1
L,Bexley,2021-01-05,1464,1,1
L,Brent,2021-01-05,1465,1,1
L,Bromley,2021-01-05,1466,1,1
L,Camden,2021-01-05,1467,1,1
L,Croydon,2021-01-05,1468,1,1
L,Ealing,2021-01-05,1469,1,1
L,Enfield,2021-01-05,1470,1,1
L,Greenwich,2021-01-05,1471,1,1
L,Hackney,2021-01-05,1472,1,1
L,Hammersmith and Fulham,2021-01-05,1473,1,1
L,Haringey,2021-01-05,1474,1,1
L,Harrow,2021-01-05,1475,1,1
L,Havering,2021-01-05,1476,1,1
L,Hillingdon,2021-01-05,1477,1,1
L,Hounslow,2021-01-05,1478,1,1
L,Islington,2021-01-05,1479,1,1
L,Kensington and Chelsea,2021-01-05,1480,1,1
L,Kingston upon Thames,2021-01-05,1481,1,1
L,Lambeth,2021-01-05,1482,1,1
L,Lewisham,2021-01-05,1483,1,1
L,Merton,2021-01-05,1484,1,1
L,Newham,2021-01-05,1485,1,1
L,Redbridge,2021-01-05,1486,1,1
L,Richmond upon Thames,2021-01-05,1487,1,1
L,Southwark,2021-01-05,1488,1,1
L,Sutton,2021-01-05,1489,1,1
L,Tower Hamlets,2021-01-05,1490,1,1
L,Waltham Forest,2021-01-05,1491,1,1
L,Wandsworth,2021-01-05,1492,1,1
L,Westminster,2021-01-05,1493,1,1
L,Clackmannanshire,2021-01-05,1494,1,1
L,Dumfries and Galloway,2021-01-05,1495,1,1
L,East Ayrshire,2021-01-05,1496,1,1
L,East Lothian,2021-01-05,1497,1,1
L,East Renfrewshire,2021-01-05,1498,1,1
L,Falkirk,2021-01-05,1499,1,1
L,Highland,2021-01-05,1500,1,1
L,Inverclyde,2021-01-05,1501,1,1
L,Midlothian,2021-01-05,1502,1,1
L,Moray,2021-01-05,1503,1,1
L,Scottish Borders,2021-01-05,1504,1,1
L,Shetland Islands,2021-01-05,1505,1,1
L,South Ayrshire,2021-01-05,1506,1,1
L,South Lanarkshire,2021-01-05,1507,1,1
L,Stirling,2021-01-05,1508,1,1
L,Aberdeen City,2021-01-05,1509,1,1
L,Aberdeenshire,2021-01-05,1510,1,1
L,Argyll and Bute,2021-01-05,1511,1,1
L,City of Edinburgh,2021-01-05,1512,1,1
L,Renfrewshire,2021-01-05,1513,1,1
L,West Dunbartonshire,2021-01-05,1514,1,1
L,West Lothian,2021-01-05,1515,1,1
L,Angus,2021-01-05,1516,1,1
L,Dundee City,2021-01-05,1517,1,1
L,East Dunbartonshire,2021-01-05,1518,1,1
L,Fife,2021-01-05,1519,1,1
L,Perth and Kinross,2021-01-05,1520,1,1
L,Glasgow City,2021-01-05,1521,1,1
L,North Lanarkshire,2021-01-05,1522,1,1
L,Torbay,2021-01-05,1523,1,1
L,Isles of Scilly,2021-01-05,1524,1,1
L,Maldon,2021-01-05,1525,1,1
L,Na h-Eileanan Siar,2021-01-05,1526,1,1
L,North Ayrshire,2021-01-05,1527,1,1
L,Orkney Islands,2021-01-05,1528,1,1
L,Isle of Anglesey,2021-01-05,1529,1,1
L,Gwynedd,2021-01-05,1530,1,1
L,Conwy,2021-01-05,1531,1,1
L,Denbighshire,2021-01-05,1532,1,1
L,Flintshire,2021-01-05,1533,1,1
L,Wrexham,2021-01-05,1534,1,1
L,Ceredigion,2021-01-05,1535,1,1
L,Pembrokeshire,2021-01-05,1536,1,1
L,Carmarthenshire,2021-01-05,1537,1,1
L,Swansea,2021-01-05,1538,1,1
L,Neath Port Talbot,2021-01-05,1539,1,1
L,Bridgend,2021-01-05,1540,1,1
L,The Vale of Glamorgan,2021-01-05,1541,1,1
L,Cardiff,2021-01-05,1542,1,1
L,Rhondda Cynon Taf,2021-01-05,1543,1,1
L,Caerphilly,2021-01-05,1544,1,1
L,Blaenau Gwent,2021-01-05,1545,1,1
L,Torfaen,2021-01-05,1546,1,1
L,Monmouthshire,2021-01-05,1547,1,1
L,Newport,2021-01-05,1548,1,1
L,Powys,2021-01-05,1549,1,1
L,Merthyr Tydfil,2021-01-05,1550,1,1
L,Armagh,2021-01-05,1551,1,1
L,Antrim,2021-01-05,1552,1,1
L,Ards,2021-01-05,1553,1,1
L,Ballymena,2021-01-05,1554,1,1
L,Ballymoney,2021-01-05,1555,1,1
L,Banbridge,2021-01-05,1556,1,1
L,Belfast,2021-01-05,1557,1,1
L,Carrickfergus,2021-01-05,1558,1,1
L,Castlereagh,2021-01-05,1559,1,1
L,Coleraine,2021-01-05,1560,1,1
L,Cookstown,2021-01-05,1561,1,1
L,Craigavon,2021-01-05,1562,1,1
L,Derry,2021-01-05,1563,1,1
L,Down,2021-01-05,1564,1,1
L,Dungannon and South Tyrone,2021-01-05,1565,1,1
L,Fermanagh,2021-01-05,1566,1,1
L,Larne,2021-01-05,1567,1,1
L,Limavady,2021-01-05,1568,1,1
L,Lisburn,2021-01-05,1569,1,1
L,Magherafelt,2021-01-05,1570,1,1
L,Moyle,2021-01-05,1571,1,1
L,Newry and Mourne,2021-01-05,1572,1,1
L,Newtownabbey,2021-01-05,1573,1,1
L,North Down,2021-01-05,1574,1,1
L,Omagh,2021-01-05,1575,1,1
L,Strabane,2021-01-05,1576,1,1
